Name,CMC,Type,Color,Set,Collector Number,Rarity,Color Category,Status,Finish,Maybeboard,Image URL,Image Back URL,Tags,Notes,MTGO ID
"Giant Killer",1,"Creature - Human Peasant",W,"eld","14",rare,w,Owned,Non-foil,false,,,"","",78118,
"Giver of Runes",1,"Creature - Kor Cleric",W,"mh1","13",rare,w,Not Owned,Non-foil,false,,,"New","",72398,
"Isamaru, Hound of Konda",1,"Legendary Creature - Hound",W,"chk","19",rare,w,Not Owned,Non-foil,false,,,"New","",21409,
"Kytheon, Hero of Akros",1,"Legendary Creature - Human Soldier ",W,"ori","23",mythic,w,Not Owned,Non-foil,false,,,"New","",57876,
"Mother of Runes",1,"Creature - Human Cleric",W,"ulg","14",uncommon,w,Not Owned,Non-foil,false,,,"New","",12553,
"Skymarcher Aspirant",1,"Creature - Vampire Soldier",W,"rix","21",uncommon,w,Not Owned,Non-foil,false,,,"New","",66495,
"Student of Warfare",1,"Creature - Human Knight",W,"roe","47",rare,w,Not Owned,Non-foil,false,,,"New","",36586,
"Thraben Inspector",1,"Creature - Human Soldier",W,"soi","44",common,w,Owned,Non-foil,false,,,"","",60240,
"Usher of the Fallen",1,"Creature - Spirit Warrior",W,"khm","35",uncommon,w,Owned,Non-foil,false,,,"","",87393,
"Adanto Vanguard",2,"Creature - Vampire Soldier",W,"xln","1",uncommon,w,Owned,Non-foil,false,,,"","",65012,
"Containment Priest",2,"Creature - Human Cleric",W,"c14","5",rare,w,Not Owned,Non-foil,false,,,"New","",55177,
"Leonin Relic-Warder",2,"Creature - Cat Cleric",W,"mbs","10",uncommon,w,Not Owned,Non-foil,false,,,"New","",39591,
"Luminarch Aspirant",2,"Creature - Human Cleric",W,"znr","24",rare,w,Owned,Non-foil,false,,,"","",82987,
"Remorseful Cleric",2,"Creature - Spirit Cleric",W,"m19","33",rare,w,Not Owned,Non-foil,false,,,"New","",68227,
"Selfless Spirit",2,"Creature - Spirit Cleric",W,"emn","40",rare,w,Not Owned,Non-foil,false,,,"New","",61102,
"Spirit of the Labyrinth",2,"Enchantment Creature - Spirit",W,"bng","27",rare,w,Owned,Non-foil,false,,,"","",51769,
"Stoneforge Mystic",2,"Creature - Kor Artificer",W,"wwk","20",rare,w,Not Owned,Non-foil,false,,,"New","",35737,
"Thalia, Guardian of Thraben",2,"Legendary Creature - Human Soldier",W,"dka","24",rare,w,Not Owned,Non-foil,false,,,"New","",43469,
"Vizier of Remedies",2,"Creature - Human Cleric",W,"akh","38",uncommon,w,Owned,Non-foil,false,,,"","",63678,
"Wall of Omens",2,"Creature - Wall",W,"roe","53",uncommon,w,Not Owned,Non-foil,false,,,"New","",36526,
"Blade Splicer",3,"Creature - Human Artificer",W,"nph","4",rare,w,Owned,Non-foil,false,,,"","",39996,
"Brimaz, King of Oreskos",3,"Legendary Creature - Cat Soldier",W,"bng","5",mythic,w,Not Owned,Non-foil,false,,,"New","",51739,
"Flickerwisp",3,"Creature - Elemental",W,"eve","6",uncommon,w,Not Owned,Non-foil,false,,,"New","",29970,
"Monastery Mentor",3,"Creature - Human Monk",W,"frf","20",mythic,w,Not Owned,Non-foil,false,,,"New","",55410,
"Ranger-Captain of Eos",3,"Creature - Human Soldier",W,"mh1","21",mythic,w,Owned,Non-foil,false,,,"","",72414,
"Recruiter of the Guard",3,"Creature - Human Soldier",W,"cn2","22",rare,w,Not Owned,Non-foil,false,,,"New","",,
"Skyclave Apparition",3,"Creature - Kor Spirit",W,"znr","39",rare,w,Owned,Non-foil,false,,,"","",83023,
"Thalia, Heretic Cathar",3,"Legendary Creature - Human Soldier",W,"emn","46",rare,w,Not Owned,Non-foil,false,,,"New","",61308,
"Vryn Wingmare",3,"Creature - Pegasus",W,"ori","40",rare,w,Owned,Non-foil,false,,,"","",57848,
"Hero of Bladehold",4,"Creature - Human Knight",W,"mbs","8",mythic,w,Not Owned,Non-foil,false,,,"New","",39539,
"Palace Jailer",4,"Creature - Human Soldier",W,"cn2","18",uncommon,w,Not Owned,Non-foil,false,,,"New","",,
"Restoration Angel",4,"Creature - Angel",W,"avr","32",rare,w,Not Owned,Non-foil,false,,,"New","",44009,
"Archangel Avacyn",5,"Legendary Creature - Angel ",W,"soi","5",mythic,m,Not Owned,Non-foil,false,,,"New","",59766,
"Karmic Guide",5,"Creature - Angel Spirit",W,"ulg","11",rare,w,Owned,Non-foil,false,,,"","",12601,
"Reveillark",5,"Creature - Elemental",W,"mor","22",rare,w,Owned,Non-foil,false,,,"","",29048,
"Sun Titan",6,"Creature - Giant",W,"m11","35",mythic,w,Not Owned,Non-foil,false,,,"New","",37406,
"Elesh Norn, Grand Cenobite",7,"Legendary Creature - Praetor",W,"nph","9",mythic,w,Not Owned,Non-foil,false,,,"New","",39712,
"Iona, Shield of Emeria",9,"Legendary Creature - Angel",W,"zen","13",mythic,w,Not Owned,Non-foil,false,,,"New","",34614,
"Elspeth, Knight-Errant",4,"Legendary Planeswalker - Elspeth",W,"ala","9",mythic,w,Not Owned,Non-foil,false,,,"New","",30927,
"Gideon, Ally of Zendikar",4,"Legendary Planeswalker - Gideon",W,"bfz","29",mythic,w,Not Owned,Non-foil,false,,,"New","",58317,
"Gideon Jura",5,"Legendary Planeswalker - Gideon",W,"roe","21",mythic,w,Owned,Non-foil,false,,,"","",36346,
"Elspeth, Sun's Champion",6,"Legendary Planeswalker - Elspeth",W,"ths","9",mythic,w,Not Owned,Non-foil,false,,,"New","",50304,
"Enlightened Tutor",1,"Instant",W,"mir","14",uncommon,w,Not Owned,Non-foil,false,,,"New","",6947,
"Ephemerate",1,"Instant",W,"mh1","7",common,w,Owned,Non-foil,false,,,"","",72386,
"Mana Tithe",1,"Instant",W,"plc","25",common,w,Not Owned,Non-foil,false,,,"New","",26511,
"Path to Exile",1,"Instant",W,"con","15",uncommon,w,Not Owned,Non-foil,false,,,"New","",31733,
"Swords to Plowshares",1,"Instant",W,"leb","41",uncommon,w,Not Owned,Non-foil,false,,,"New","",,
"Disenchant",2,"Instant",W,"leb","19",common,w,Not Owned,Non-foil,false,,,"New","",,
"Unexpectedly Absent",2,"Instant",W,"c13","25",rare,w,Not Owned,Non-foil,false,,,"New","",51336,
"Oust",1,"Sorcery",W,"roe","40",uncommon,w,Owned,Non-foil,false,,,"","",36682,
"Balance",2,"Sorcery",W,"leb","3",rare,w,Not Owned,Non-foil,false,,,"New","",,
"Declaration in Stone",2,"Sorcery",W,"soi","12",rare,w,Owned,Non-foil,false,,,"","",59878,
"Winds of Abandon",2,"Sorcery",W,"mh1","37",rare,w,Owned,Non-foil,false,,,"","",72446,
"Council's Judgment",3,"Sorcery",W,"cns","16",rare,w,Not Owned,Non-foil,false,,,"New","",,
"Armageddon",4,"Sorcery",W,"leb","2",rare,w,Not Owned,Non-foil,false,,,"New","",,
"Day of Judgment",4,"Sorcery",W,"zen","9",rare,w,Not Owned,Non-foil,false,,,"New","",34552,
"Ravages of War",4,"Sorcery",W,"ptk","17",rare,w,Not Owned,Non-foil,false,,,"New","",,
"Wrath of God",4,"Sorcery",W,"leb","46",rare,w,Not Owned,Non-foil,false,,,"New","",,
"Spectral Procession",6,"Sorcery",W,"shm","23",uncommon,w,Owned,Non-foil,false,,,"","",29605,
"Terminus",6,"Sorcery",W,"avr","38",rare,w,Owned,Non-foil,false,,,"","",43815,
"Maul of the Skyclaves",3,"Artifact - Equipment",W,"znr","27",rare,w,Owned,Non-foil,false,,,"","",82995,
"Land Tax",1,"Enchantment",W,"leg","26",uncommon,w,Not Owned,Non-foil,false,,,"New","",,
"Legion's Landing",1,"Legendary Enchantment ",W,"xln","22",rare,w,Not Owned,Non-foil,false,,,"New","",65054,
"Honor of the Pure",2,"Enchantment",W,"m10","16",rare,w,Owned,Non-foil,false,,,"","",32631,
"Banishing Light",3,"Enchantment",W,"jou","5",uncommon,w,Not Owned,Non-foil,false,,,"New","",52214,
"Oblivion Ring",3,"Enchantment",W,"lrw","34",common,w,Not Owned,Non-foil,false,,,"New","",28229,
"Moat",4,"Enchantment",W,"leg","28",rare,w,Not Owned,Non-foil,false,,,"New","",,
"Parallax Wave",4,"Enchantment",W,"nem","17",rare,w,Not Owned,Non-foil,false,,,"New","",13747,
"Elspeth Conquers Death",5,"Enchantment - Saga",W,"thb","13",rare,w,Owned,Non-foil,false,,,"","",79150,
"Karakas",0,"Land",W,"leg","303",uncommon,White,Not Owned,Non-foil,false,,,"New","",,
"Baral, Chief of Compliance",2,"Legendary Creature - Human Wizard",U,"aer","28",rare,u,Not Owned,Non-foil,false,,,"New","",62653,
"Jace, Vryn's Prodigy",2,"Legendary Creature - Human Wizard ",U,"ori","60",mythic,u,Not Owned,Non-foil,false,,,"New","",57880,
"Phantasmal Image",2,"Creature - Illusion",U,"m12","72",rare,u,Not Owned,Non-foil,false,,,"New","",41369,
"Snapcaster Mage",2,"Creature - Human Wizard",U,"isd","78",rare,u,Not Owned,Non-foil,false,,,"New","",42512,
"Thassa's Oracle",2,"Creature - Merfolk Wizard",U,"thb","73",rare,u,Owned,Non-foil,false,,,"","",79270,
"Thieving Skydiver",2,"Creature - Merfolk Rogue",U,"znr","85",rare,u,Owned,Non-foil,false,,,"","",83127,
"Brazen Borrower",3,"Creature - Faerie Rogue",U,"eld","39",mythic,u,Owned,Non-foil,false,,,"","",78180,
"Deceiver Exarch",3,"Creature - Cleric",U,"nph","33",uncommon,u,Not Owned,Non-foil,false,,,"New","",39726,
"Emry, Lurker of the Loch",3,"Legendary Creature - Merfolk Wizard",U,"eld","43",rare,u,Not Owned,Non-foil,false,,,"New","",78190,
"Hullbreacher",3,"Creature - Merfolk Pirate",U,"cmr","74",rare,u,Owned,Non-foil,false,,,"","",84930,
"Laboratory Maniac",3,"Creature - Human Wizard",U,"isd","61",rare,u,Owned,Non-foil,false,,,"","",42560,
"Pestermite",3,"Creature - Faerie Rogue",U,"lrw","78",common,u,Not Owned,Non-foil,false,,,"New","",28241,
"Vendilion Clique",3,"Legendary Creature - Faerie Wizard",U,"mor","55",rare,u,Not Owned,Non-foil,false,,,"New","",28946,
"Glen Elendra Archmage",4,"Creature - Faerie Wizard",U,"eve","22",rare,u,Not Owned,Non-foil,false,,,"New","",30226,
"Urza, Lord High Artificer",4,"Legendary Creature - Human Artificer",U,"mh1","75",mythic,u,Not Owned,Non-foil,false,,,"New","",72522,
"Venser, Shaper Savant",4,"Legendary Creature - Human Wizard",U,"fut","46",rare,u,Not Owned,Non-foil,false,,,"New","",26594,
"Mulldrifter",5,"Creature - Elemental",U,"lrw","76",common,u,Owned,Non-foil,false,,,"","",28245,
"Riftwing Cloudskate",5,"Creature - Illusion",U,"tsp","73",uncommon,u,Owned,Non-foil,false,,,"","",25519,
"Consecrated Sphinx",6,"Creature - Sphinx",U,"mbs","21",mythic,u,Not Owned,Non-foil,false,,,"New","",39537,
"Inkwell Leviathan",9,"Artifact Creature - Leviathan",U,"con","30",rare,u,Not Owned,Non-foil,false,,,"New","",31689,
"Palinchron",7,"Creature - Illusion",U,"ulg","38",rare,u,Not Owned,Non-foil,false,,,"New","",12469,
"Narset, Parter of Veils",3,"Legendary Planeswalker - Narset",U,"war","61",uncommon,u,Not Owned,Non-foil,false,,,"New","",71728,
"Jace, the Mind Sculptor",4,"Legendary Planeswalker - Jace",U,"wwk","31",mythic,u,Not Owned,Non-foil,false,,,"New","",35591,
"Jace, Wielder of Mysteries",4,"Legendary Planeswalker - Jace",U,"war","54",rare,u,Owned,Non-foil,false,,,"","",71714,
"Ancestral Recall",1,"Instant",U,"leb","48",rare,u,Not Owned,Non-foil,false,,,"New","",,
"Brainstorm",1,"Instant",U,"ice","61",common,u,Not Owned,Non-foil,false,,,"New","",24401,
"Force Spike",1,"Instant",U,"leg","58",common,u,Not Owned,Non-foil,false,,,"New","",,
"High Tide",1,"Instant",U,"fem","18b",common,u,Not Owned,Non-foil,false,,,"New","",,
"Mystical Tutor",1,"Instant",U,"mir","80",uncommon,u,Not Owned,Non-foil,false,,,"New","",7163,
"Repeal",1,"Instant",U,"gpt","32",common,u,Owned,Non-foil,false,,,"","",23627,
"Spell Pierce",1,"Instant",U,"zen","67",common,u,Not Owned,Non-foil,false,,,"New","",34442,
"Brain Freeze",2,"Instant",U,"scg","29",uncommon,u,Not Owned,Non-foil,false,,,"New","",18932,
"Counterspell",2,"Instant",U,"leb","55",uncommon,u,Not Owned,Non-foil,false,,,"New","",,
"Daze",2,"Instant",U,"nem","30",common,u,Not Owned,Non-foil,false,,,"New","",14009,
"Impulse",2,"Instant",U,"vis","34",common,u,Not Owned,Non-foil,false,,,"New","",7589,
"Mana Drain",2,"Instant",U,"leg","65",uncommon,u,Not Owned,Non-foil,false,,,"New","",,
"Mana Leak",2,"Instant",U,"sth","36",common,u,Not Owned,Non-foil,false,,,"New","",10307,
"Miscalculation",2,"Instant",U,"ulg","36",common,u,Not Owned,Non-foil,false,,,"New","",12607,
"Remand",2,"Instant",U,"rav","63",uncommon,u,Not Owned,Non-foil,false,,,"New","",23174,
"Force of Negation",3,"Instant",U,"mh1","52",rare,u,Not Owned,Non-foil,false,,,"New","",72476,
"Frantic Search",3,"Instant",U,"ulg","32",common,u,Not Owned,Non-foil,false,,,"New","",12615,
"Thirst for Knowledge",3,"Instant",U,"mrd","53",uncommon,u,Not Owned,Non-foil,false,,,"New","",19705,
"Cryptic Command",4,"Instant",U,"lrw","56",rare,u,Not Owned,Non-foil,false,,,"New","",28499,
"Fact or Fiction",4,"Instant",U,"inv","57",uncommon,u,Not Owned,Non-foil,false,,,"New","",14505,
"Gifts Ungiven",4,"Instant",U,"chk","62",rare,u,Not Owned,Non-foil,false,,,"New","",21335,
"Turnabout",4,"Instant",U,"usg","105",uncommon,u,Not Owned,Non-foil,false,,,"New","",12103,
"Force of Will",5,"Instant",U,"all","28",uncommon,u,Not Owned,Non-foil,false,,,"New","",,
"Gush",5,"Instant",U,"mmq","82",common,u,Owned,Non-foil,false,,,"","",13659,
"Mystic Confluence",5,"Instant",U,"c15","14",rare,u,Not Owned,Non-foil,false,,,"New","",,
"Dig Through Time",8,"Instant",U,"ktk","36",rare,u,Not Owned,Non-foil,false,,,"New","",54316,
"Ancestral Vision",1,"Sorcery",U,"tsp","48",rare,u,Not Owned,Non-foil,false,,,"New","",25609,
"Ponder",1,"Sorcery",U,"lrw","79",common,u,Not Owned,Non-foil,false,,,"New","",28339,
"Preordain",1,"Sorcery",U,"m11","70",common,u,Not Owned,Non-foil,false,,,"New","",37388,
"Chart a Course",2,"Sorcery",U,"xln","48",uncommon,u,Owned,Non-foil,false,,,"","",65108,
"Time Walk",2,"Sorcery",U,"leb","84",rare,u,Not Owned,Non-foil,false,,,"New","",,
"Show and Tell",3,"Sorcery",U,"usg","96",rare,u,Not Owned,Non-foil,false,,,"New","",12139,
"Timetwister",3,"Sorcery",U,"leb","85",rare,u,Not Owned,Non-foil,false,,,"New","",,
"Tinker",3,"Sorcery",U,"ulg","45",uncommon,u,Not Owned,Non-foil,false,,,"New","",12623,
"Bribery",5,"Sorcery",U,"mmq","62",rare,u,Not Owned,Non-foil,false,,,"New","",13563,
"Time Warp",5,"Sorcery",U,"tmp","97",rare,u,Owned,Non-foil,false,,,"","",9895,
"Mind's Desire",6,"Sorcery",U,"scg","41",rare,u,Not Owned,Non-foil,false,,,"New","",18890,
"Time Spiral",6,"Sorcery",U,"usg","103",rare,u,Not Owned,Non-foil,false,,,"New","",12385,
"Upheaval",6,"Sorcery",U,"ody","113",rare,u,Not Owned,Non-foil,false,,,"New","",16811,
"Treasure Cruise",8,"Sorcery",U,"ktk","59",common,u,Owned,Non-foil,false,,,"","",54300,
"Opposition",4,"Enchantment",U,"uds","40",rare,u,Not Owned,Non-foil,false,,,"New","",12821,
"Treachery",5,"Enchantment - Aura",U,"uds","50",rare,u,Not Owned,Non-foil,false,,,"New","",13039,
"Shark Typhoon",6,"Enchantment",U,"iko","67",rare,u,Owned,Non-foil,false,,,"","",80143,
"Academy Ruins",0,"Land",U,"tsp","269",rare,Blue,Not Owned,Non-foil,false,,,"New","",25739,
"Shelldock Isle",0,"Land",U,"lrw","272",rare,Blue,Not Owned,Non-foil,false,,,"New","",28707,
"Tolarian Academy",0,"Land",U,"usg","330",rare,Blue,Not Owned,Non-foil,false,,,"New","",11931,
"Putrid Imp",1,"Creature - Zombie Imp",B,"tor","77",common,b,Not Owned,Non-foil,false,,,"New","",17167,
"Viscera Seer",1,"Creature - Vampire Wizard",B,"m11","120",common,b,Owned,Non-foil,false,,,"","",37492,
"Bloodghast",2,"Creature - Vampire Spirit",B,"zen","83",rare,b,Not Owned,Non-foil,false,,,"New","",34688,
"Brain Maggot",2,"Enchantment Creature - Insect",B,"jou","62",uncommon,b,Owned,Non-foil,false,,,"","",52278,
"Dark Confidant",2,"Creature - Human Wizard",B,"rav","81",rare,b,Not Owned,Non-foil,false,,,"New","",23084,
"Kitesail Freebooter",2,"Creature - Human Pirate",B,"xln","110",uncommon,b,Not Owned,Non-foil,false,,,"New","",65236,
"Mesmeric Fiend",2,"Creature - Nightmare Horror",B,"tor","69",common,b,Owned,Non-foil,false,,,"","",17171,
"Oona's Prowler",2,"Creature - Faerie Rogue",B,"lrw","133",rare,b,Not Owned,Non-foil,false,,,"New","",28739,
"Pack Rat",2,"Creature - Rat",B,"rtr","73",rare,b,Not Owned,Non-foil,false,,,"New","",46737,
"Vampire Hexmage",2,"Creature - Vampire Shaman",B,"zen","114",uncommon,b,Owned,Non-foil,false,,,"","",34690,
"Bone Shredder",3,"Creature - Minion",B,"ulg","49",uncommon,b,Owned,Non-foil,false,,,"","",12641,
"Hypnotic Specter",3,"Creature - Specter",B,"leb","113",uncommon,b,Owned,Non-foil,false,,,"","",,
"Murderous Rider",3,"Creature - Zombie Knight",B,"eld","97",rare,b,Owned,Non-foil,false,,,"","",78308,
"Ophiomancer",3,"Creature - Human Shaman",B,"c13","84",rare,b,Not Owned,Non-foil,false,,,"New","",51344,
"Rotting Regisaur",3,"Creature - Zombie Dinosaur",B,"m20","111",rare,b,Not Owned,Non-foil,false,,,"New","",73121,
"Woe Strider",3,"Creature - Horror",B,"thb","123",rare,b,Owned,Non-foil,false,,,"","",79370,
"Braids, Cabal Minion",4,"Legendary Creature - Human Minion",B,"ody","117",rare,b,Not Owned,Non-foil,false,,,"New","",16749,
"Gonti, Lord of Luxury",4,"Legendary Creature - Aetherborn Rogue",B,"kld","84",rare,b,Not Owned,Non-foil,false,,,"New","",61957,
"Inverter of Truth",4,"Creature - Eldrazi",B,"ogw","72",mythic,b,Owned,Non-foil,false,,,"","",59371,
"Ravenous Chupacabra",4,"Creature - Beast Horror",B,"rix","82",uncommon,b,Not Owned,Non-foil,false,,,"New","",66617,
"Yawgmoth, Thran Physician",4,"Legendary Creature - Human Cleric",B,"mh1","116",mythic,b,Owned,Non-foil,false,,,"","",72604,
"Doom Whisperer",5,"Creature - Nightmare Demon",B,"grn","69",mythic,b,Not Owned,Non-foil,false,,,"New","",69511,
"Shriekmaw",5,"Creature - Elemental",B,"c20","136",uncommon,b,Owned,Non-foil,false,,,"","",,
"Street Wraith",5,"Creature - Wraith",B,"fut","90",uncommon,b,Owned,Non-foil,false,,,"","",26894,
"Grave Titan",6,"Creature - Giant",B,"m11","97",mythic,b,Not Owned,Non-foil,false,,,"New","",37374,
"Massacre Wurm",6,"Creature - Wurm",B,"mbs","46",mythic,b,Owned,Non-foil,false,,,"","",39315,
"Griselbrand",8,"Legendary Creature - Demon",B,"avr","106",mythic,b,Not Owned,Non-foil,false,,,"New","",44125,
"Rune-Scarred Demon",7,"Creature - Demon",B,"m12","106",rare,b,Owned,Non-foil,false,,,"","",41385,
"Liliana of the Veil",3,"Legendary Planeswalker - Liliana",B,"isd","105",mythic,b,Not Owned,Non-foil,false,,,"New","",42616,
"Liliana, the Last Hope",3,"Legendary Planeswalker - Liliana",B,"emn","93",mythic,b,Not Owned,Non-foil,false,,,"New","",61152,
"Dark Ritual",1,"Instant",B,"leb","99",common,b,Not Owned,Non-foil,false,,,"New","",,
"Demonic Consultation",1,"Instant",B,"ice","121",uncommon,b,Owned,Non-foil,false,,,"","",,
"Entomb",1,"Instant",B,"ody","132",rare,b,Not Owned,Non-foil,false,,,"New","",17047,
"Fatal Push",1,"Instant",B,"aer","57",uncommon,b,Not Owned,Non-foil,false,,,"New","",62689,
"Vampiric Tutor",1,"Instant",B,"vis","72",rare,b,Not Owned,Non-foil,false,,,"New","",7777,
"Cabal Ritual",2,"Instant",B,"tor","51",common,b,Not Owned,Non-foil,false,,,"New","",17191,
"Go for the Throat",2,"Instant",B,"mbs","43",uncommon,b,Not Owned,Non-foil,false,,,"New","",39447,
"Heartless Act",2,"Instant",B,"iko","91",uncommon,b,Owned,Non-foil,false,,,"","",80191,
"Shallow Grave",2,"Instant",B,"mir","141",rare,b,Not Owned,Non-foil,false,,,"New","",7297,
"Corpse Dance",3,"Instant",B,"tmp","116",rare,b,Not Owned,Non-foil,false,,,"New","",9801,
"Dismember",3,"Instant",B,"nph","57",uncommon,b,Not Owned,Non-foil,false,,,"New","",39944,
"Hero's Downfall",3,"Instant",B,"ths","90",rare,b,Owned,Non-foil,false,,,"","",50596,
"Makeshift Mannequin",4,"Instant",B,"lrw","124",uncommon,b,Not Owned,Non-foil,false,,,"New","",28361,
"Bloodchief's Thirst",1,"Sorcery",B,"znr","94",uncommon,b,Owned,Non-foil,false,,,"","",83151,
"Duress",1,"Sorcery",B,"usg","132",common,b,Not Owned,Non-foil,false,,,"New","",12317,
"Imperial Seal",1,"Sorcery",B,"ptk","78",rare,b,Not Owned,Non-foil,false,,,"New","",,
"Inquisition of Kozilek",1,"Sorcery",B,"roe","115",uncommon,b,Not Owned,Non-foil,false,,,"New","",36360,
"Mind Twist",1,"Sorcery",B,"leb","116",rare,b,Not Owned,Non-foil,false,,,"New","",,
"Reanimate",1,"Sorcery",B,"tmp","151",uncommon,b,Not Owned,Non-foil,false,,,"New","",9989,
"Thoughtseize",1,"Sorcery",B,"lrw","145",rare,b,Not Owned,Non-foil,false,,,"New","",28269,
"Collective Brutality",2,"Sorcery",B,"emn","85",rare,b,Not Owned,Non-foil,false,,,"New","",61144,
"Demonic Tutor",2,"Sorcery",B,"leb","105",uncommon,b,Not Owned,Non-foil,false,,,"New","",,
"Exhume",2,"Sorcery",B,"usg","134",common,b,Not Owned,Non-foil,false,,,"New","",11897,
"Hymn to Tourach",2,"Sorcery",B,"fem","38c",common,b,Not Owned,Non-foil,false,,,"New","",,
"Night's Whisper",2,"Sorcery",B,"5dn","55",uncommon,b,Not Owned,Non-foil,false,,,"New","",20816,
"Toxic Deluge",3,"Sorcery",B,"c13","96",rare,b,Not Owned,Non-foil,false,,,"New","",51366,
"Yawgmoth's Will",3,"Sorcery",B,"usg","171",rare,b,Not Owned,Non-foil,false,,,"New","",12349,
"Damnation",4,"Sorcery",B,"plc","85",rare,b,Not Owned,Non-foil,false,,,"New","",26279,
"Tendrils of Agony",4,"Sorcery",B,"scg","75",uncommon,b,Not Owned,Non-foil,false,,,"New","",18866,
"Dark Petition",5,"Sorcery",B,"ori","90",rare,b,Owned,Non-foil,false,,,"","",57968,
"Living Death",5,"Sorcery",B,"tmp","142",rare,b,Not Owned,Non-foil,false,,,"New","",9795,
"Wishclaw Talisman",2,"Artifact",B,"eld","110",rare,b,Not Owned,Non-foil,false,,,"New","",78342,
"Bolas's Citadel",6,"Legendary Artifact",B,"war","79",rare,b,Owned,Non-foil,false,,,"","",71764,
"Animate Dead",2,"Enchantment - Aura",B,"leb","93",uncommon,b,Not Owned,Non-foil,false,,,"New","",,
"Bitterblossom",2,"Tribal Enchantment - Faerie",B,"mor","58",rare,b,Not Owned,Non-foil,false,,,"New","",29038,
"Necromancy",3,"Enchantment",B,"vis","64",uncommon,b,Not Owned,Non-foil,false,,,"New","",7649,
"Phyrexian Arena",3,"Enchantment",B,"apc","47",rare,b,Owned,Non-foil,false,,,"","",16324,
"Recurring Nightmare",3,"Enchantment",B,"exo","72",rare,b,Not Owned,Non-foil,false,,,"New","",10583,
"Yawgmoth's Bargain",6,"Enchantment",B,"uds","75",rare,b,Owned,Non-foil,false,,,"","",12853,
"Volrath's Stronghold",0,"Land",B,"sth","143",rare,Black,Not Owned,Non-foil,false,,,"New","",10429,
"Bomat Courier",1,"Artifact Creature - Construct",R,"kld","199",rare,r,Not Owned,Non-foil,false,,,"New","",62075,
"Falkenrath Gorger",1,"Creature - Vampire Berserker",R,"soi","155",rare,r,Not Owned,Non-foil,false,,,"New","",59776,
"Firedrinker Satyr",1,"Creature - Satyr Shaman",R,"ths","122",rare,r,Not Owned,Non-foil,false,,,"New","",50612,
"Goblin Guide",1,"Creature - Goblin Scout",R,"zen","126",rare,r,Not Owned,Non-foil,false,,,"New","",34374,
"Goblin Welder",1,"Creature - Goblin Artificer",R,"ulg","80",rare,r,Not Owned,Non-foil,false,,,"New","",12561,
"Grim Lavamancer",1,"Creature - Human Wizard",R,"tor","100",rare,r,Not Owned,Non-foil,false,,,"New","",17339,
"Monastery Swiftspear",1,"Creature - Human Monk",R,"ktk","118",uncommon,r,Not Owned,Non-foil,false,,,"New","",54108,
"Stromkirk Noble",1,"Creature - Vampire Noble",R,"isd","164",rare,r,Owned,Non-foil,false,,,"","",42554,
"Zurgo Bellstriker",1,"Legendary Creature - Orc Warrior",R,"dtk","169",rare,r,Not Owned,Non-foil,false,,,"New","",56050,
"Abbot of Keral Keep",2,"Creature - Human Monk",R,"ori","127",rare,r,Owned,Non-foil,false,,,"","",58042,
"Dire Fleet Daredevil",2,"Creature - Human Pirate",R,"rix","99",rare,r,Not Owned,Non-foil,false,,,"New","",66651,
"Dreadhorde Arcanist",2,"Creature - Zombie Wizard",R,"war","125",rare,r,Owned,Non-foil,false,,,"","",71856,
"Eidolon of the Great Revel",2,"Enchantment Creature - Spirit",R,"jou","94",rare,r,Not Owned,Non-foil,false,,,"New","",52246,
"Embereth Shieldbreaker",2,"Creature - Human Knight ",R,"eld","122",uncommon,r,Not Owned,Non-foil,false,,,"New","",78368,
"Kargan Intimidator",2,"Creature - Human Warrior",R,"znr","145",rare,r,Owned,Non-foil,false,,,"","",83263,
"Kari Zev, Skyship Raider",2,"Legendary Creature - Human Pirate",R,"aer","87",rare,r,Not Owned,Non-foil,false,,,"New","",62745,
"Robber of the Rich",2,"Creature - Human Archer Rogue",R,"eld","138",mythic,r,Not Owned,Non-foil,false,,,"New","",78406,
"Stormblood Berserker",2,"Creature - Human Berserker",R,"m12","156",uncommon,r,Owned,Non-foil,false,,,"","",41453,
"Young Pyromancer",2,"Creature - Human Shaman",R,"m14","163",uncommon,r,Not Owned,Non-foil,false,,,"New","",49413,
"Bonecrusher Giant",3,"Creature - Giant",R,"eld","115",rare,r,Owned,Non-foil,false,,,"","",78352,
"Goblin Rabblemaster",3,"Creature - Goblin Warrior",R,"m15","145",rare,r,Not Owned,Non-foil,false,,,"New","",53500,
"Imperial Recruiter",3,"Creature - Human Advisor",R,"ptk","113",uncommon,r,Not Owned,Non-foil,false,,,"New","",,
"Legion Warboss",3,"Creature - Goblin Soldier",R,"grn","109",rare,r,Not Owned,Non-foil,false,,,"New","",69591,
"Seasoned Pyromancer",3,"Creature - Human Shaman",R,"mh1","145",mythic,r,Owned,Non-foil,false,,,"","",72662,
"Avalanche Riders",4,"Creature - Human Nomad",R,"ulg","74",uncommon,r,Owned,Non-foil,false,,,"","",12477,
"Flametongue Kavu",4,"Creature - Kavu",R,"pls","60",uncommon,r,Not Owned,Non-foil,false,,,"New","",15267,
"Hazoret the Fervent",4,"Legendary Creature - God",R,"akh","136",mythic,r,Owned,Non-foil,false,,,"","",63874,
"Hellrider",4,"Creature - Devil",R,"dka","93",rare,r,Not Owned,Non-foil,false,,,"New","",43185,
"Pia and Kiran Nalaar",4,"Legendary Creature - Human Artificer",R,"ori","157",rare,r,Owned,Non-foil,false,,,"","",57990,
"Glorybringer",5,"Creature - Dragon",R,"akh","134",rare,r,Owned,Non-foil,false,,,"","",63870,
"Kiki-Jiki, Mirror Breaker",5,"Legendary Creature - Goblin Shaman",R,"chk","175",rare,r,Not Owned,Non-foil,false,,,"New","",21021,
"Zealous Conscripts",5,"Creature - Human Warrior",R,"avr","166",rare,r,Not Owned,Non-foil,false,,,"New","",44033,
"Inferno Titan",6,"Creature - Giant",R,"m11","146",mythic,r,Not Owned,Non-foil,false,,,"New","",37428,
"Chandra, Torch of Defiance",4,"Legendary Planeswalker - Chandra",R,"kld","110",mythic,r,Not Owned,Non-foil,false,,,"New","",61573,
"Daretti, Scrap Savant",4,"Legendary Planeswalker - Daretti",R,"c14","33",mythic,r,Not Owned,Non-foil,false,,,"New","",55115,
"Koth of the Hammer",4,"Legendary Planeswalker - Koth",R,"som","94",mythic,r,Not Owned,Non-foil,false,,,"New","",38331,
"Burst Lightning",1,"Instant",R,"zen","119",common,r,Not Owned,Non-foil,false,,,"New","",34408,
"Lightning Bolt",1,"Instant",R,"leb","162",common,r,Not Owned,Non-foil,false,,,"New","",,
"Abrade",2,"Instant",R,"hou","83",uncommon,r,Not Owned,Non-foil,false,,,"New","",64650,
"Desperate Ritual",2,"Instant - Arcane",R,"chk","163",common,r,Not Owned,Non-foil,false,,,"New","",21529,
"Incinerate",2,"Instant",R,"ice","194",common,r,Not Owned,Non-foil,false,,,"New","",24425,
"Magma Jet",2,"Instant",R,"5dn","73",uncommon,r,Not Owned,Non-foil,false,,,"New","",20818,
"Pyretic Ritual",2,"Instant",R,"m11","153",common,r,Not Owned,Non-foil,false,,,"New","",37468,
"Char",3,"Instant",R,"rav","117",rare,r,Not Owned,Non-foil,false,,,"New","",23212,
"Seething Song",3,"Instant",R,"mrd","104",common,r,Not Owned,Non-foil,false,,,"New","",19991,
"Valakut Awakening",3,"Instant",R,"znr","174",rare,r,Owned,Non-foil,false,,,"","",83329,
"Through the Breach",5,"Instant - Arcane",R,"chk","193",rare,r,Not Owned,Non-foil,false,,,"New","",21519,
"Fireblast",6,"Instant",R,"vis","79",common,r,Not Owned,Non-foil,false,,,"New","",7551,
"Banefire",1,"Sorcery",R,"con","58",rare,r,Owned,Non-foil,false,,,"","",31883,
"Chain Lightning",1,"Sorcery",R,"leg","137",common,r,Not Owned,Non-foil,false,,,"New","",,
"Faithless Looting",1,"Sorcery",R,"dka","87",common,r,Not Owned,Non-foil,false,,,"New","",43267,
"Firebolt",1,"Sorcery",R,"ody","193",common,r,Not Owned,Non-foil,false,,,"New","",16705,
"Flame Slash",1,"Sorcery",R,"roe","145",common,r,Owned,Non-foil,false,,,"","",36640,
"Gamble",1,"Sorcery",R,"usg","188",rare,r,Owned,Non-foil,false,,,"","",12067,
"Rite of Flame",1,"Sorcery",R,"csp","96",common,r,Not Owned,Non-foil,false,,,"New","",24675,
"Cathartic Reunion",2,"Sorcery",R,"kld","109",common,r,Owned,Non-foil,false,,,"","",61699,
"Jeska's Will",3,"Sorcery",R,"cmr","187",rare,r,Owned,Non-foil,false,,,"","",85156,
"Wheel of Fortune",3,"Sorcery",R,"leb","184",rare,r,Not Owned,Non-foil,false,,,"New","",,
"Fiery Confluence",4,"Sorcery",R,"c15","26",rare,r,Not Owned,Non-foil,false,,,"New","",,
"Past in Flames",4,"Sorcery",R,"isd","155",mythic,r,Not Owned,Non-foil,false,,,"New","",42712,
"Ignite Memories",5,"Sorcery",R,"tsp","164",uncommon,r,Owned,Non-foil,false,,,"","",25543,
"Burning of Xinye",6,"Sorcery",R,"ptk","104",rare,r,Not Owned,Non-foil,false,,,"New","",,
"Wildfire",6,"Sorcery",R,"p02","120",rare,r,Not Owned,Non-foil,false,,,"New","",,
"Shrine of Burning Rage",2,"Artifact",R,"nph","153",uncommon,c,Not Owned,Non-foil,false,,,"New","",39810,
"Underworld Breach",2,"Enchantment",R,"thb","161",rare,r,Owned,Non-foil,false,,,"","",79446,
"Mana Flare",3,"Enchantment",R,"leb","163",rare,r,Not Owned,Non-foil,false,,,"New","",,
"Sulfuric Vortex",3,"Enchantment",R,"scg","106",rare,r,Not Owned,Non-foil,false,,,"New","",18928,
"Valakut Exploration",3,"Enchantment",R,"znr","175",rare,r,Owned,Non-foil,false,,,"","",83333,
"Sneak Attack",4,"Enchantment",R,"usg","218",rare,r,Not Owned,Non-foil,false,,,"New","",12399,
"Splinter Twin",4,"Enchantment - Aura",R,"roe","165",rare,r,Not Owned,Non-foil,false,,,"New","",36426,
"Arbor Elf",1,"Creature - Elf Druid",G,"wwk","95",common,g,Not Owned,Non-foil,false,,,"New","",35773,
"Avacyn's Pilgrim",1,"Creature - Human Monk",G,"isd","170",common,m,Not Owned,Non-foil,false,,,"New","",42678,
"Birds of Paradise",1,"Creature - Bird",G,"leb","187",rare,g,Not Owned,Non-foil,false,,,"New","",,
"Elvish Mystic",1,"Creature - Elf Druid",G,"m14","169",common,g,Not Owned,Non-foil,false,,,"New","",49499,
"Elvish Reclaimer",1,"Creature - Elf Warrior",G,"m20","169",rare,g,Owned,Non-foil,false,,,"","",73237,
"Fyndhorn Elves",1,"Creature - Elf Druid",G,"ice","244",common,g,Not Owned,Non-foil,false,,,"New","",,
"Hexdrinker",1,"Creature - Snake",G,"mh1","168",mythic,g,Owned,Non-foil,false,,,"","",72708,
"Joraga Treespeaker",1,"Creature - Elf Druid",G,"roe","190",uncommon,g,Not Owned,Non-foil,false,,,"New","",36408,
"Llanowar Elves",1,"Creature - Elf Druid",G,"leb","211",common,g,Not Owned,Non-foil,false,,,"New","",,
"Noble Hierarch",1,"Creature - Human Druid",G,"con","87",rare,m,Not Owned,Non-foil,false,,,"New","",31745,
"Collector Ouphe",2,"Creature - Ouphe",G,"mh1","158",rare,g,Owned,Non-foil,false,,,"","",72688,
"Devoted Druid",2,"Creature - Elf Druid",G,"shm","110",common,g,Not Owned,Non-foil,false,,,"New","",29305,
"Duskwatch Recruiter",2,"Creature - Human Warrior Werewolf",G,"soi","203",uncommon,g,Owned,Non-foil,false,,,"","",60300,
"Fauna Shaman",2,"Creature - Elf Shaman",G,"m11","172",rare,g,Not Owned,Non-foil,false,,,"New","",37456,
"Lotus Cobra",2,"Creature - Snake",G,"zen","168",mythic,g,Not Owned,Non-foil,false,,,"New","",34546,
"Melira, Sylvok Outcast",2,"Legendary Creature - Human Scout",G,"nph","115",rare,g,Owned,Non-foil,false,,,"","",39688,
"Rofellos, Llanowar Emissary",2,"Legendary Creature - Elf Druid",G,"uds","118",rare,g,Not Owned,Non-foil,false,,,"New","",12913,
"Sakura-Tribe Elder",2,"Creature - Snake Shaman",G,"chk","239",common,g,Not Owned,Non-foil,false,,,"New","",21097,
"Scavenging Ooze",2,"Creature - Ooze",G,"cmd","170",rare,g,Owned,Non-foil,false,,,"","",40630,
"Sylvan Caryatid",2,"Creature - Plant",G,"ths","180",rare,g,Not Owned,Non-foil,false,,,"New","",50260,
"Wall of Blossoms",2,"Creature - Plant Wall",G,"sth","125",uncommon,g,Owned,Non-foil,false,,,"","",10433,
"Wall of Roots",2,"Creature - Plant Wall",G,"mir","253",common,g,Not Owned,Non-foil,false,,,"New","",7427,
"Courser of Kruphix",3,"Enchantment Creature - Centaur",G,"bng","119",rare,g,Not Owned,Non-foil,false,,,"New","",51851,
"Dryad of the Ilysian Grove",3,"Enchantment Creature - Nymph Dryad",G,"thb","169",rare,g,Owned,Non-foil,false,,,"","",79462,
"Eternal Witness",3,"Creature - Human Shaman",G,"5dn","86",uncommon,g,Not Owned,Non-foil,false,,,"New","",20856,
"Nissa, Vastwood Seer",3,"Legendary Creature - Elf Scout ",G,"ori","189",mythic,g,Not Owned,Non-foil,false,,,"New","",58056,
"Ramunap Excavator",3,"Creature - Naga Cleric",G,"hou","129",rare,g,Not Owned,Non-foil,false,,,"New","",64742,
"Reclamation Sage",3,"Creature - Elf Shaman",G,"m15","194",uncommon,g,Not Owned,Non-foil,false,,,"New","",53606,
"Tireless Tracker",3,"Creature - Human Scout",G,"soi","233",rare,g,Not Owned,Non-foil,false,,,"New","",60320,
"Oracle of Mul Daya",4,"Creature - Elf Shaman",G,"zen","172",rare,g,Not Owned,Non-foil,false,,,"New","",34542,
"Polukranos, World Eater",4,"Legendary Creature - Hydra",G,"ths","172",mythic,g,Owned,Non-foil,false,,,"","",50628,
"Questing Beast",4,"Legendary Creature - Beast",G,"eld","171",mythic,g,Owned,Non-foil,false,,,"","",78482,
"Acidic Slime",5,"Creature - Ooze",G,"m10","165",uncommon,g,Not Owned,Non-foil,false,,,"New","",32723,
"Deep Forest Hermit",5,"Creature - Elf Druid",G,"mh1","161",rare,g,Not Owned,Non-foil,false,,,"New","",72694,
"Deranged Hermit",5,"Creature - Elf",G,"ulg","101",rare,g,Not Owned,Non-foil,false,,,"New","",12473,
"Thragtusk",5,"Creature - Beast",G,"m13","193",rare,g,Owned,Non-foil,false,,,"","",45582,
"Carnage Tyrant",6,"Creature - Dinosaur",G,"xln","179",mythic,g,Owned,Non-foil,false,,,"","",65376,
"Primeval Titan",6,"Creature - Giant",G,"m11","192",mythic,g,Not Owned,Non-foil,false,,,"New","",37400,
"Vorinclex, Monstrous Raider",6,"Legendary Creature - Phyrexian Praetor",G,"khm","199",mythic,g,Owned,Non-foil,false,,,"","",87741,
"Avenger of Zendikar",7,"Creature - Elemental",G,"wwk","96",mythic,g,Owned,Non-foil,false,,,"","",35715,
"Craterhoof Behemoth",8,"Creature - Beast",G,"avr","172",mythic,g,Not Owned,Non-foil,false,,,"New","",43921,
"Terastodon",8,"Creature - Elephant",G,"wwk","115",rare,g,Not Owned,Non-foil,false,,,"New","",35629,
"Woodfall Primus",8,"Creature - Treefolk Shaman",G,"shm","135",rare,g,Not Owned,Non-foil,false,,,"New","",29589,
"Garruk Relentless",4,"Legendary Planeswalker - Garruk",G,"isd","181",mythic,m,Owned,Non-foil,false,,,"","",42744,
"Garruk Wildspeaker",4,"Legendary Planeswalker - Garruk",G,"lrw","213",rare,g,Not Owned,Non-foil,false,,,"New","",28453,
"Nissa, Who Shakes the World",5,"Legendary Planeswalker - Nissa",G,"war","169",rare,g,Owned,Non-foil,false,,,"","",71944,
"Crop Rotation",1,"Instant",G,"ulg","98",common,g,Not Owned,Non-foil,false,,,"New","",12547,
"Nature's Claim",1,"Instant",G,"wwk","108",common,g,Owned,Non-foil,false,,,"","",35699,
"Worldly Tutor",1,"Instant",G,"mir","255",uncommon,g,Not Owned,Non-foil,false,,,"New","",7445,
"Once Upon a Time",2,"Instant",G,"eld","169",rare,g,Not Owned,Non-foil,false,,,"New","",78478,
"Beast Within",3,"Instant",G,"nph","103",uncommon,g,Not Owned,Non-foil,false,,,"New","",39884,
"Green Sun's Zenith",1,"Sorcery",G,"mbs","81",rare,g,Not Owned,Non-foil,false,,,"New","",39581,
"Channel",2,"Sorcery",G,"leb","189",uncommon,g,Not Owned,Non-foil,false,,,"New","",,
"Finale of Devastation",2,"Sorcery",G,"war","160",mythic,g,Owned,Non-foil,false,,,"","",71926,
"Life from the Loam",2,"Sorcery",G,"rav","172",rare,g,Not Owned,Non-foil,false,,,"New","",23376,
"Regrowth",2,"Sorcery",G,"leb","215",uncommon,g,Not Owned,Non-foil,false,,,"New","",,
"Cultivate",3,"Sorcery",G,"m11","168",common,g,Not Owned,Non-foil,false,,,"New","",37350,
"Kodama's Reach",3,"Sorcery - Arcane",G,"chk","225",common,g,Not Owned,Non-foil,false,,,"New","",21003,
"Harmonize",4,"Sorcery",G,"plc","149",uncommon,g,Owned,Non-foil,false,,,"","",26249,
"Natural Order",4,"Sorcery",G,"vis","114",rare,g,Not Owned,Non-foil,false,,,"New","",7647,
"Plow Under",5,"Sorcery",G,"uds","117",rare,g,Not Owned,Non-foil,false,,,"New","",12761,
"Tooth and Nail",7,"Sorcery",G,"mrd","134",rare,g,Owned,Non-foil,false,,,"New","",19969,
"Birthing Pod",4,"Artifact",G,"nph","104",rare,g,Owned,Non-foil,false,,,"","",39796,
"Exploration",1,"Enchantment",G,"usg","250",rare,g,Owned,Non-foil,false,,,"","",12335,
"Fastbond",1,"Enchantment",G,"leb","193",rare,g,Not Owned,Non-foil,false,,,"New","",,
"Oath of Druids",2,"Enchantment",G,"exo","115",rare,g,Not Owned,Non-foil,false,,,"New","",10519,
"Survival of the Fittest",2,"Enchantment",G,"exo","129",rare,g,Not Owned,Non-foil,false,,,"New","",10709,
"Sylvan Library",2,"Enchantment",G,"leg","207",uncommon,g,Not Owned,Non-foil,false,,,"New","",,
"Heartbeat of Spring",3,"Enchantment",G,"chk","212",rare,g,Not Owned,Non-foil,false,,,"New","",21077,
"Gaea's Cradle",0,"Land",G,"usg","321",rare,Green,Not Owned,Non-foil,false,,,"New","",11867,
"Celestial Colonnade",0,"Multicolored",WU,"wwk","133",rare,l,Not Owned,Non-foil,false,,,"New","",35639,
"Flooded Strand",0,"azorius",WU,"ons","316",rare,l,Not Owned,Non-foil,false,,,"New","",18245,
"Hallowed Fountain",0,"Azorius",WU,"dis","174",rare,l,Not Owned,Non-foil,false,,,"New","",24001,
"Seachrome Coast",0,"Azorius",WU,"som","229",rare,l,Owned,Non-foil,false,,,"","",38289,
"Tundra",0,"Azorius",WU,"leb","285",rare,l,Not Owned,Non-foil,false,,,"New","",,
"Geist of Saint Traft",3,"Legendary Creature - Spirit Cleric",WU,"isd","213",mythic,m,Owned,Non-foil,false,,,"","",42824,
"Sphinx's Revelation",3,"Instant",WU,"rtr","200",mythic,m,Owned,Non-foil,false,,,"","",46559,
"Teferi, Time Raveler",3,"Legendary Planeswalker - Teferi",WU,"war","221",rare,m,Not Owned,Non-foil,false,,,"New","",72048,
"Fractured Identity",5,"Sorcery",WU,"c17","37",rare,m,Not Owned,Non-foil,false,,,"New","",,
"Teferi, Hero of Dominaria",5,"Legendary Planeswalker - Teferi",WU,"dom","207",mythic,m,Not Owned,Non-foil,false,,,"New","",67879,
"Creeping Tar Pit",0,"Dimir",UB,"wwk","134",rare,l,Not Owned,Non-foil,false,,,"New","",35657,
"Darkslick Shores",0,"Dimir",UB,"som","226",rare,l,Owned,Non-foil,false,,,"","",38291,
"Polluted Delta",0,"dimir",UB,"ons","321",rare,l,Not Owned,Non-foil,false,,,"New","",18247,
"Underground Sea",0,"Dimir",UB,"leb","286",rare,l,Not Owned,Non-foil,false,,,"New","",,
"Watery Grave",0,"Dimir",UB,"rav","286",rare,l,Not Owned,Non-foil,false,,,"New","",23586,
"Baleful Strix",2,"Artifact Creature - Bird",UB,"pc2","82",uncommon,m,Not Owned,Non-foil,false,,,"New","",45066,
"Ashiok, Nightmare Weaver",3,"Legendary Planeswalker - Ashiok",BU,"ths","188",mythic,m,Not Owned,Non-foil,false,,,"New","",50310,
"Tezzeret, Agent of Bolas",4,"Legendary Planeswalker - Tezzeret",BU,"mbs","97",mythic,m,Owned,Non-foil,false,,,"","",39301,
"Fallen Shinobi",5,"Creature - Zombie Ninja",BU,"mh1","199",rare,m,Owned,Non-foil,false,,,"","",72770,
"The Scarab God",5,"Legendary Creature - God",BU,"hou","145",mythic,m,Owned,Non-foil,false,,,"","",64774,
"Badlands",0,"Rakdos",BR,"leb","278",rare,l,Not Owned,Non-foil,false,,,"New","",,
"Blackcleave Cliffs",0,"Rakdos",BR,"som","224",rare,l,Owned,Non-foil,false,,,"","",38293,
"Blood Crypt",0,"Rakdos",BR,"dis","171",rare,l,Not Owned,Non-foil,false,,,"New","",24053,
"Bloodstained Mire",0,"rakdos",BR,"ons","313",rare,l,Not Owned,Non-foil,false,,,"New","",18249,
"Lavaclaw Reaches",0,"Rakdos",BR,"wwk","139",rare,l,Not Owned,Non-foil,false,,,"New","",35665,
"Rakdos's Return",2,"Sorcery",BR,"rtr","188",mythic,m,Owned,Non-foil,false,,,"","",46565,
"Valki, God of Lies",2,"Legendary Creature - God",BR,"khm","114",mythic,m,Owned,Non-foil,false,,,"","",87561,
"Daretti, Ingenious Iconoclast",3,"Legendary Planeswalker - Daretti",BR,"cn2","74",mythic,m,Not Owned,Non-foil,false,,,"New","",,
"Kolaghan's Command",3,"Instant",BR,"dtk","224",rare,m,Not Owned,Non-foil,false,,,"New","",56082,
"Murderous Redcap",4,"Creature - Goblin Assassin",BR,"shm","192",uncommon,m,Owned,Non-foil,false,,,"","",29623,
"Raging Ravine",0,"Gruul",RG,"wwk","141",rare,l,Not Owned,Non-foil,false,,,"New","",35675,
"Sheltered Thicket",0,"Gruul",RG,"akh","248",rare,l,Owned,Non-foil,false,,,"","",64158,
"Stomping Ground",0,"Gruul",RG,"gpt","165",rare,l,Not Owned,Non-foil,false,,,"New","",23709,
"Taiga",0,"Gruul",RG,"leb","283",rare,l,Not Owned,Non-foil,false,,,"New","",,
"Wooded Foothills",0,"gruul",RG,"ons","330",rare,l,Not Owned,Non-foil,false,,,"New","",18251,
"Ancient Grudge",2,"Instant",RG,"tsp","143",common,m,Owned,Non-foil,false,,,"","",25539,
"Manamorphose",2,"Instant",RG,"shm","211",common,m,Owned,Non-foil,false,,,"","",29653,
"Wrenn and Six",2,"Legendary Planeswalker - Wrenn",GR,"mh1","217",mythic,m,Not Owned,Non-foil,false,,,"New","",72806,
"Bloodbraid Elf",4,"Creature - Elf Berserker",RG,"arb","50",uncommon,m,Owned,Non-foil,false,,,"","",32430,
"Dragonlord Atarka",7,"Legendary Creature - Elder Dragon",GR,"dtk","216",mythic,m,Not Owned,Non-foil,false,,,"New","",55976,
"Horizon Canopy",0,"Selesnya",WG,"fut","177",rare,l,Owned,Non-foil,false,,,"","",26700,
"Savannah",0,"selesnya",WG,"leb","281",rare,l,Not Owned,Non-foil,false,,,"New","",,
"Stirring Wildwood",0,"Selesnya",WG,"wwk","144",rare,l,Owned,Non-foil,false,,,"","",35679,
"Temple Garden",0,"selesnya",WG,"rav","284",rare,l,Not Owned,Non-foil,false,,,"New","",23594,
"Windswept Heath",0,"selesnya",WG,"ons","328",rare,l,Not Owned,Non-foil,false,,,"New","",18255,
"Eladamri's Call",2,"Instant",WG,"pls","106",rare,m,Owned,Non-foil,false,,,"","",15111,
"Gaddock Teeg",2,"Legendary Creature - Kithkin Advisor",GW,"lrw","248",rare,m,Owned,Non-foil,false,,,"","",28445,
"Kitchen Finks",3,"Creature - Ouphe",GW,"shm","229",uncommon,m,Owned,Non-foil,false,,,"","",29329,
"Knight of Autumn",3,"Creature - Dryad Knight",GW,"grn","183",rare,m,Owned,Non-foil,false,,,"","",69739,
"Mirari's Wake",5,"Enchantment",WG,"jud","139",rare,m,Not Owned,Non-foil,false,,,"New","",17618,
"Godless Shrine",0,"orzhov",WB,"gpt","157",rare,l,Not Owned,Non-foil,false,,,"New","",23755,
"Marsh Flats",0,"orzhov",WB,"zen","219",rare,l,Not Owned,Non-foil,false,,,"New","",34646,
"Scrubland",0,"orzhov",WB,"leb","282",rare,l,Not Owned,Non-foil,false,,,"New","",,
"Shambling Vent",0,"Orzhov",WB,"bfz","244",rare,l,Owned,Non-foil,false,,,"","",58531,
"Silent Clearing",0,"Orzhov",WB,"mh1","246",rare,l,Owned,Non-foil,false,,,"","",72864,
"Tidehollow Sculler",2,"Artifact Creature - Zombie",WB,"ala","202",uncommon,m,Owned,Non-foil,false,,,"","",31125,
"Lingering Souls",3,"Sorcery",WB,"dka","12",uncommon,m,Not Owned,Non-foil,false,,,"New","",43359,
"Vindicate",3,"Sorcery",WB,"apc","126",rare,m,Not Owned,Non-foil,false,,,"New","",16154,
"Unburial Rites",5,"Sorcery",WB,"isd","122",uncommon,m,Not Owned,Non-foil,false,,,"New","",42482,
"Ashen Rider",8,"Creature - Archon",BW,"ths","187",mythic,m,Owned,Non-foil,false,,,"","",50570,
"Bayou",0,"golgari",BG,"leb","279",rare,l,Not Owned,Non-foil,false,,,"New","",,
"Hissing Quagmire",0,"Golgari",BG,"ogw","171",rare,l,Owned,Non-foil,false,,,"","",59255,
"Nurturing Peatland",0,"golgari",BG,"mh1","243",rare,l,Not Owned,Non-foil,false,,,"New","",72858,
"Overgrown Tomb",0,"golgari",BG,"rav","279",rare,l,Not Owned,Non-foil,false,,,"New","",23592,
"Verdant Catacombs",0,"golgari",BG,"zen","229",rare,l,Not Owned,Non-foil,false,,,"New","",34704,
"Assassin's Trophy",2,"Instant",BG,"grn","152",rare,m,Not Owned,Non-foil,false,,,"New","",69677,
"Maelstrom Pulse",3,"Sorcery",BG,"arb","92",rare,m,Owned,Non-foil,false,,,"","",32388,
"Pernicious Deed",3,"Enchantment",BG,"apc","114",rare,m,Owned,Non-foil,false,,,"","",16230,
"Vraska, Golgari Queen",4,"Legendary Planeswalker - Vraska",BG,"grn","213",mythic,m,Owned,Non-foil,false,,,"","",69799,
"The Gitrog Monster",5,"Legendary Creature - Frog Horror",BG,"soi","245",mythic,m,Owned,Non-foil,false,,,"","",60004,
"Botanical Sanctum",0,"Simic",UG,"kld","244",rare,l,Owned,Non-foil,false,,,"","",61853,
"Breeding Pool",0,"simic",UG,"dis","172",rare,l,Not Owned,Non-foil,false,,,"New","",24029,
"Lumbering Falls",0,"Simic",UG,"bfz","239",rare,l,Owned,Non-foil,false,,,"","",58529,
"Misty Rainforest",0,"simic",UG,"zen","220",rare,l,Not Owned,Non-foil,false,,,"New","",34622,
"Tropical Island",0,"simic",UG,"leb","284",rare,l,Not Owned,Non-foil,false,,,"New","",,
"Hydroid Krasis",2,"Creature - Jellyfish Hydra Beast",GU,"rna","183",mythic,m,Not Owned,Non-foil,false,,,"New","",71366,
"Kinnan, Bonder Prodigy",2,"Legendary Creature - Human Druid",GU,"iko","192",mythic,m,Owned,Non-foil,false,,,"","",80393,
"Oko, Thief of Crowns",3,"Legendary Planeswalker - Oko",GU,"eld","197",mythic,m,Not Owned,Non-foil,false,,,"New","",78538,
"Trygon Predator",3,"Creature - Beast",UG,"dis","133",uncommon,m,Owned,Non-foil,false,,,"","",24071,
"Uro, Titan of Nature's Wrath",3,"Legendary Creature - Elder Giant",GU,"thb","229",mythic,m,Owned,Non-foil,false,,,"","",79582,
"Scalding Tarn",0,"izzet",UR,"zen","223",rare,l,Not Owned,Non-foil,false,,,"New","",34590,
"Spirebluff Canal",0,"Izzet",UR,"kld","249",rare,l,Owned,Non-foil,false,,,"","",61851,
"Steam Vents",0,"izzet",UR,"gpt","164",rare,l,Not Owned,Non-foil,false,,,"New","",23739,
"Volcanic Island",0,"izzet",UR,"leb","287",rare,l,Not Owned,Non-foil,false,,,"New","",,
"Wandering Fumarole",0,"Izzet",UR,"ogw","182",rare,l,Owned,Non-foil,false,,,"","",59259,
"Dack Fayden",3,"Legendary Planeswalker - Dack",UR,"cns","42",mythic,m,Not Owned,Non-foil,false,,,"New","",,
"Electrolyze",3,"Instant",UR,"gpt","111",uncommon,m,Owned,Non-foil,false,,,"","",23629,
"Fire // Ice",4,"Instant ",UR,"apc","128",uncommon,m,Not Owned,Non-foil,false,,,"New","",16338,
"Expansion // Explosion",6,"Instant",RU,"grn","224",rare,m,Owned,Non-foil,false,,,"","",69837,
"Thousand-Year Storm",6,"Enchantment",RU,"grn","207",mythic,m,Owned,Non-foil,false,,,"","",69787,
"Arid Mesa",0,"boros",WR,"zen","211",rare,l,Not Owned,Non-foil,false,,,"New","",34414,
"Figure of Destiny",1,"Creature - Kithkin",WR,"eve","139",rare,m,Not Owned,Non-foil,false,,,"New","",30238,
"Needle Spires",0,"Boros",WR,"ogw","175",rare,l,Owned,Non-foil,false,,,"","",59257,
"Plateau",0,"boros",WR,"leb","280",rare,l,Not Owned,Non-foil,false,,,"New","",,
"Sacred Foundry",0,"boros",WR,"rav","280",rare,l,Not Owned,Non-foil,false,,,"New","",23590,
"Sunbaked Canyon",0,"boros",WR,"mh1","247",rare,l,Not Owned,Non-foil,false,,,"New","",72866,
"Lightning Helix",2,"Instant",RW,"rav","213",uncommon,m,Owned,Non-foil,false,,,"","",23154,
"Wear // Tear",3,"Instant",WR,"dgm","135",uncommon,m,Owned,Non-foil,false,,,"","",48524,
"Ajani Vengeant",4,"Legendary Planeswalker - Ajani",RW,"ala","154",mythic,m,Owned,Non-foil,false,,,"","",30923,
"Nahiri, the Harbinger",4,"Legendary Planeswalker - Nahiri",WR,"soi","247",mythic,m,Owned,Non-foil,false,,,"","",59924,
"Progenitus",10,"Legendary Creature - Hydra Avatar",WUBRG,"con","121",mythic,m,Owned,Non-foil,false,,,"","",31763,
"Hangarback Walker",0,"Artifact Creature - Construct",,"ori","229",rare,c,Owned,Non-foil,false,,,"","",58128,
"Stonecoil Serpent",0,"Artifact Creature - Snake",,"eld","235",rare,c,Owned,Non-foil,false,,,"","",78616,
"Walking Ballista",0,"Artifact Creature - Construct",,"aer","181",rare,c,Not Owned,Non-foil,false,,,"New","",62561,
"Phyrexian Revoker",2,"Artifact Creature - Horror",,"mbs","122",rare,c,Not Owned,Non-foil,false,,,"New","",39569,
"Porcelain Legionnaire",2,"Artifact Creature - Soldier",,"nph","19",common,w,Not Owned,Non-foil,false,,,"New","",39834,
"Metalworker",3,"Artifact Creature - Construct",,"uds","135",rare,c,Not Owned,Non-foil,false,,,"New","",12921,
"Phyrexian Metamorph",3,"Artifact Creature - Shapeshifter",,"nph","42",rare,u,Not Owned,Non-foil,false,,,"New","",39734,
"Lodestone Golem",4,"Artifact Creature - Golem",,"wwk","127",rare,c,Not Owned,Non-foil,false,,,"New","",35709,
"Solemn Simulacrum",4,"Artifact Creature - Golem",,"mrd","245",rare,c,Not Owned,Non-foil,false,,,"New","",20209,
"Golos, Tireless Pilgrim",5,"Legendary Artifact Creature - Scout",,"m20","226",rare,m,Owned,Non-foil,false,,,"","",73351,
"Kuldotha Forgemaster",5,"Artifact Creature - Construct",,"som","169",rare,c,Not Owned,Non-foil,false,,,"New","",38435,
"Wurmcoil Engine",6,"Artifact Creature - Wurm",,"som","223",mythic,c,Not Owned,Non-foil,false,,,"New","",38185,
"Blightsteel Colossus",12,"Artifact Creature - Golem",,"mbs","99",mythic,c,Not Owned,Non-foil,false,,,"New","",39587,
"Emrakul, the Aeons Torn",15,"Legendary Creature - Eldrazi",,"roe","4",mythic,c,Not Owned,Non-foil,false,,,"New","",36396,
"Emrakul, the Promised End",13,"Legendary Creature - Eldrazi",,"emn","6",mythic,c,Not Owned,Non-foil,false,,,"New","",61068,
"Kozilek, Butcher of Truth",10,"Legendary Creature - Eldrazi",,"roe","6",mythic,c,Not Owned,Non-foil,false,,,"New","",36628,
"Myr Battlesphere",7,"Artifact Creature - Myr Construct",,"som","180",rare,c,Not Owned,Non-foil,false,,,"New","",38307,
"Sphinx of the Steel Wind",8,"Artifact Creature - Sphinx",,"arb","110",mythic,m,Not Owned,Non-foil,false,,,"New","",32474,
"Sundering Titan",8,"Artifact Creature - Golem",,"dst","146",rare,c,Not Owned,Non-foil,false,,,"New","",20305,
"Ulamog, the Ceaseless Hunger",10,"Legendary Creature - Eldrazi",,"bfz","15",mythic,c,Not Owned,Non-foil,false,,,"New","",58301,
"Ulamog, the Infinite Gyre",11,"Legendary Creature - Eldrazi",,"roe","12",mythic,c,Not Owned,Non-foil,false,,,"New","",36666,
"Karn, Scion of Urza",4,"Legendary Planeswalker - Karn",,"dom","1",mythic,c,Owned,Non-foil,false,,,"","",67467,
"Karn Liberated",7,"Legendary Planeswalker - Karn",,"nph","1",mythic,c,Not Owned,Non-foil,false,,,"New","",39710,
"Ugin, the Spirit Dragon",8,"Legendary Planeswalker - Ugin",,"frf","1",mythic,c,Not Owned,Non-foil,false,,,"New","",55364,
"Gitaxian Probe",1,"Sorcery",,"nph","35",common,Colorless,Owned,Non-foil,false,,,"","",39976,
"Black Lotus",0,"Artifact",,"leb","233",rare,c,Not Owned,Non-foil,false,,,"New","",,
"Chrome Mox",0,"Artifact",,"mrd","152",rare,c,Owned,Non-foil,false,,,"","",19831,
"Everflowing Chalice",0,"Artifact",,"wwk","123",uncommon,c,Owned,Non-foil,false,,,"","",35681,
"Lion's Eye Diamond",0,"Artifact",,"mir","307",rare,c,Not Owned,Non-foil,false,,,"New","",7103,
"Lotus Bloom",0,"Artifact",,"tsp","259",rare,c,Owned,Non-foil,false,,,"","",25691,
"Lotus Petal",0,"Artifact",,"tmp","294",common,c,Not Owned,Non-foil,false,,,"New","",9475,
"Mana Crypt",0,"Artifact",,"phpr","5",rare,c,Not Owned,Non-foil,false,,,"New","",,
"Mana Vault",1,"Artifact",,"leb","260",rare,c,Not Owned,Non-foil,false,,,"New","",,
"Mox Diamond",0,"Artifact",,"sth","138",rare,c,Not Owned,Non-foil,false,,,"New","",10325,
"Mox Emerald",0,"Artifact",,"leb","262",rare,g,Not Owned,Non-foil,false,,,"New","",,
"Mox Jet",0,"Artifact",,"leb","263",rare,b,Not Owned,Non-foil,false,,,"New","",,
"Mox Pearl",0,"Artifact",,"leb","264",rare,w,Not Owned,Non-foil,false,,,"New","",,
"Mox Ruby",0,"Artifact",,"leb","265",rare,r,Not Owned,Non-foil,false,,,"New","",,
"Mox Sapphire",0,"Artifact",,"leb","266",rare,u,Not Owned,Non-foil,false,,,"New","",,
"Sensei's Divining Top",1,"Artifact",,"chk","268",uncommon,c,Not Owned,Non-foil,false,,,"New","",21045,
"Skullclamp",1,"Artifact - Equipment",,"dst","140",uncommon,c,Not Owned,Non-foil,false,,,"New","",20551,
"Sol Ring",1,"Artifact",,"leb","270",uncommon,c,Not Owned,Non-foil,false,,,"New","",,
"Zuran Orb",0,"Artifact",,"ice","350",uncommon,c,Owned,Non-foil,false,,,"","",,
"Azorius Signet",2,"Artifact",,"dis","159",common,m,Not Owned,Non-foil,false,,,"New","",24023,
"Boros Signet",2,"Artifact",,"rav","255",common,m,Owned,Non-foil,false,,,"","",23566,
"Dimir Signet",2,"Artifact",,"rav","260",common,m,Not Owned,Non-foil,false,,,"New","",23562,
"Golgari Signet",2,"Artifact",,"rav","262",common,m,Owned,Non-foil,false,,,"","",23564,
"Grim Monolith",2,"Artifact",,"ulg","126",rare,c,Not Owned,Non-foil,false,,,"New","",12551,
"Gruul Signet",2,"Artifact",,"gpt","150",common,m,Owned,Non-foil,false,,,"","",23669,
"Izzet Signet",2,"Artifact",,"gpt","152",common,m,Not Owned,Non-foil,false,,,"New","",23679,
"Lightning Greaves",2,"Artifact - Equipment",,"mrd","199",uncommon,c,Not Owned,Non-foil,false,,,"New","",19737,
"Orzhov Signet",2,"Artifact",,"gpt","155",common,m,Owned,Non-foil,false,,,"","",23681,
"Rakdos Signet",2,"Artifact",,"dis","165",common,m,Owned,Non-foil,false,,,"","",24045,
"Scroll Rack",2,"Artifact",,"tmp","308",rare,c,Owned,Non-foil,false,,,"","",9743,
"Selesnya Signet",2,"Artifact",,"rav","270",common,m,Owned,Non-foil,false,,,"","",23568,
"Simic Signet",2,"Artifact",,"dis","166",common,m,Not Owned,Non-foil,false,,,"New","",24015,
"Smuggler's Copter",2,"Artifact - Vehicle",,"kld","235",rare,c,Not Owned,Non-foil,false,,,"New","",61797,
"Umezawa's Jitte",2,"Legendary Artifact - Equipment",,"bok","163",rare,c,Not Owned,Non-foil,false,,,"New","",21603,
"Winter Orb",2,"Artifact",,"leb","276",rare,c,Not Owned,Non-foil,false,,,"New","",,
"Basalt Monolith",3,"Artifact",,"leb","232",uncommon,c,Not Owned,Non-foil,false,,,"New","",,
"Coalition Relic",3,"Artifact",,"fut","161",rare,c,Not Owned,Non-foil,false,,,"New","",26926,
"Crucible of Worlds",3,"Artifact",,"5dn","114",rare,c,Not Owned,Non-foil,false,,,"New","",20790,
"Sword of Feast and Famine",3,"Artifact - Equipment",,"mbs","138",mythic,c,Not Owned,Non-foil,false,,,"New","",39549,
"Sword of Fire and Ice",3,"Artifact - Equipment",,"dst","148",rare,c,Not Owned,Non-foil,false,,,"New","",20535,
"Tangle Wire",3,"Artifact",,"nem","139",rare,c,Not Owned,Non-foil,false,,,"New","",13809,
"Worn Powerstone",3,"Artifact",,"usg","318",uncommon,c,Not Owned,Non-foil,false,,,"New","",12089,
"Coercive Portal",4,"Artifact",,"cns","56",mythic,c,Owned,Non-foil,false,,,"","",,
"Smokestack",4,"Artifact",,"usg","309",rare,c,Not Owned,Non-foil,false,,,"New","",12131,
"Thran Dynamo",4,"Artifact",,"uds","139",uncommon,c,Not Owned,Non-foil,false,,,"New","",12925,
"Batterskull",5,"Artifact - Equipment",,"nph","130",mythic,c,Not Owned,Non-foil,false,,,"New","",39974,
"Gilded Lotus",5,"Artifact",,"mrd","175",rare,c,Owned,Non-foil,false,,,"","",20113,
"Memory Jar",5,"Artifact",,"ulg","129",rare,c,Not Owned,Non-foil,false,,,"New","",12697,
"Mindslaver",6,"Legendary Artifact",,"mrd","206",rare,c,Not Owned,Non-foil,false,,,"New","",19827,
"Ancient Tomb",0,"Land",,"tmp","315",uncommon,l,Not Owned,Non-foil,false,,,"New","",10043,
"Bazaar of Baghdad",0,"Land",,"arn","70",uncommon,l,Not Owned,Non-foil,false,,,"New","",,
"Dark Depths",0,"Legendary Snow Land",,"csp","145",rare,l,Owned,Non-foil,false,,,"","",24583,
"Field of the Dead",0,"Land",,"m20","247",rare,l,Owned,Non-foil,false,,,"","",73393,
"Library of Alexandria",0,"Land",,"arn","76",uncommon,l,Not Owned,Non-foil,false,,,"New","",,
"Mana Confluence",0,"Land",,"jou","163",rare,l,Not Owned,Non-foil,false,,,"New","",52120,
"Maze of Ith",0,"Land",,"drk","117",uncommon,l,Not Owned,Non-foil,false,,,"New","",,
"Mishra's Factory",0,"Land",,"atq","80a",uncommon,l,Not Owned,Non-foil,false,,,"New","",,
"Mishra's Workshop",0,"Land",,"atq","81",rare,l,Not Owned,Non-foil,false,,,"New","",,
"Mutavault",0,"Land",,"mor","148",rare,l,Not Owned,Non-foil,false,,,"New","",29074,
"Prismatic Vista",0,"Land",,"mh1","244",rare,l,Not Owned,Non-foil,false,,,"New","",72860,
"Rishadan Port",0,"Land",,"mmq","324",rare,l,Not Owned,Non-foil,false,,,"New","",13359,
"Strip Mine",0,"Land",,"atq","82d",rare,l,Not Owned,Non-foil,false,,,"New","",,
"The Tabernacle at Pendrell Vale",0,"Legendary Land",,"leg","307",rare,l,Owned,Non-foil,false,,,"","",,
"Thespian's Stage",0,"Land",,"gtc","248",rare,l,Owned,Non-foil,false,,,"","",47805,
"Wasteland",0,"Land",,"tmp","330",uncommon,l,Not Owned,Non-foil,false,,,"New","",10035,
